{"count":1,"self":2.4008004,"total":340.53577809999996,"children":{"InitializeActuators":{"count":12,"self":0.0010008,"total":0.0010008,"children":null},"InitializeSensors":{"count":12,"self":0.0010007,"total":0.0050043,"children":{"CreateObservableSensors":{"count":12,"self":0.0040035999999999995,"total":0.0040035999999999995,"children":null}}},"AgentSendState":{"count":8335,"self":0.0500481,"total":0.41310969999999997,"children":{"CollectObservations":{"count":20256,"self":0.0090098,"total":0.0090098,"children":null},"WriteActionMask":{"count":20256,"self":0.0090067999999999988,"total":0.0090067999999999988,"children":null},"RequestDecision":{"count":20256,"self":0.0320304,"total":0.345045,"children":{"AgentInfo.ToProto":{"count":20256,"self":0.0270206,"total":0.3130146,"children":{"GenerateSensorData":{"count":20256,"self":0.28599399999999997,"total":0.28599399999999997,"children":null}}}}}}},"DecideAction":{"count":8335,"self":337.4727936,"total":337.4727919,"children":null},"AgentAct":{"count":8335,"self":0.2230492,"total":0.24207009999999998,"children":{"AgentInfo.ToProto":{"count":747,"self":0.0010014,"total":0.0190209,"children":{"GenerateSensorData":{"count":747,"self":0.0180195,"total":0.0180195,"children":null}}}}}},"gauges":{"3DBallHard.CumulativeReward":{"count":747,"max":5.19999647,"min":-0.09999988,"runningAverage":1.67094958,"value":0.600000262,"weightedAverage":1.24328136}},"metadata":{"timer_format_version":"0.1.0","start_time_seconds":"1631623891","unity_version":"2020.3.10f1","command_line_arguments":"C:\\Program Files\\Unity\\Hub\\Editor\\2020.3.10f1\\Editor\\Unity.exe -projectpath C:\/Users\/Martin\/Desktop\/HS Heilbronn\/Master\/Projektarbeit\/3_Unity\/Skiing -useHub -hubIPC -cloudEnvironment production -hubSessionId 346444d0-1531-11ec-85f3-37744eaf537a -accessToken WnXzhukZQ8LukT7XLY1-MCqIhmL-yRo5Muge3VBWg4k008f","communication_protocol_version":"1.5.0","com.unity.ml-agents_version":"2.0.0-exp.1","scene_name":"3DBallHard","end_time_seconds":"1631624231"}}