{"count":1,"self":18.9437104,"total":2837.9786549,"children":{"InitializeActuators":{"count":12,"self":0.0010008999999999999,"total":0.0010008999999999999,"children":null},"InitializeSensors":{"count":12,"self":0.0010014,"total":0.0010014,"children":null},"AgentSendState":{"count":93335,"self":0.590417,"total":2.9742610999999997,"children":{"CollectObservations":{"count":224028,"self":0.28298449999999997,"total":0.28298449999999997,"children":null},"WriteActionMask":{"count":224028,"self":0.12997039999999999,"total":0.12997039999999999,"children":null},"RequestDecision":{"count":224028,"self":0.35874809999999996,"total":1.9708892,"children":{"AgentInfo.ToProto":{"count":224028,"self":0.3783504,"total":1.6121410999999999,"children":{"GenerateSensorData":{"count":224028,"self":1.2337907,"total":1.2337907,"children":null}}}}}}},"DecideAction":{"count":93335,"self":2813.7705472,"total":2813.7705077,"children":null},"AgentAct":{"count":93335,"self":2.2526812,"total":2.2871732,"children":{"AgentInfo.ToProto":{"count":2019,"self":0.0040046,"total":0.0344919,"children":{"GenerateSensorData":{"count":2019,"self":0.0304873,"total":0.0304873,"children":null}}}}}},"gauges":{"3DBall.CumulativeReward":{"count":2019,"max":20.10004,"min":0.100000143,"runningAverage":10.6037788,"value":1.69999945,"weightedAverage":3.38891935}},"metadata":{"timer_format_version":"0.1.0","start_time_seconds":"1641029004","unity_version":"2020.3.10f1","command_line_arguments":"C:\\Program Files\\Unity\\Hub\\Editor\\2020.3.10f1\\Editor\\Unity.exe -projectpath C:\/Users\/Martin\/Desktop\/HS Heilbronn\/Master\/Projektarbeit\/3_Unity\/Skiing -useHub -hubIPC -cloudEnvironment production -hubSessionId cdb2a150-6adf-11ec-9cba-390fab50cbae -accessToken Q-NinKRPSwt2iHAnTuiS27AHHNIZwspssM0NnD_d8g4008f","communication_protocol_version":"1.5.0","com.unity.ml-agents_version":"2.0.0-exp.1","scene_name":"3DBall","end_time_seconds":"1641031842"}}