{"count":1,"self":3.9308128,"total":542.69446499999992,"children":{"InitializeActuators":{"count":12,"self":0.0010007,"total":0.0010007,"children":null},"InitializeSensors":{"count":12,"self":0.0010012999999999999,"total":0.0010012999999999999,"children":null},"AgentSendState":{"count":15002,"self":0.083076799999999992,"total":0.44738639999999996,"children":{"CollectObservations":{"count":36300,"self":0.0390344,"total":0.0390344,"children":null},"WriteActionMask":{"count":36300,"self":0.009006,"total":0.009006,"children":null},"RequestDecision":{"count":36300,"self":0.059051299999999994,"total":0.3162692,"children":{"AgentInfo.ToProto":{"count":36300,"self":0.048047099999999995,"total":0.2572179,"children":{"GenerateSensorData":{"count":36300,"self":0.2091708,"total":0.2091708,"children":null}}}}}}},"DecideAction":{"count":15002,"self":537.9290624,"total":537.9290856,"children":null},"AgentAct":{"count":15002,"self":0.3711615,"total":0.38517799999999996,"children":{"AgentInfo.ToProto":{"count":913,"self":0.0050060999999999994,"total":0.0140165,"children":{"GenerateSensorData":{"count":913,"self":0.0090104,"total":0.0090104,"children":null}}}}}},"gauges":{"3DBall.CumulativeReward":{"count":913,"max":37.8999939,"min":0.100000165,"runningAverage":2.952685,"value":2.59999871,"weightedAverage":2.143015}},"metadata":{"timer_format_version":"0.1.0","start_time_seconds":"1634158609","unity_version":"2020.3.10f1","command_line_arguments":"C:\\Program Files\\Unity\\Hub\\Editor\\2020.3.10f1\\Editor\\Unity.exe -projectpath C:\/Users\/Martin\/Desktop\/HS Heilbronn\/Master\/Projektarbeit\/3_Unity\/Skiing -useHub -hubIPC -cloudEnvironment production -hubSessionId e8e56ec0-2be8-11ec-b297-f59e706119bc -accessToken M7edrfcZXfPOoV8uCux3DLWMVD6EsqEnT1ukCQ4h6CE008f","communication_protocol_version":"1.5.0","com.unity.ml-agents_version":"2.0.0-exp.1","scene_name":"3DBall","end_time_seconds":"1634159151"}}