{"count":1,"self":109.47479039999999,"total":20769.163819999998,"children":{"InitializeActuators":{"count":128,"self":0.0020016,"total":0.0020016,"children":null},"InitializeSensors":{"count":128,"self":0.0080068,"total":0.0080068,"children":null},"AgentSendState":{"count":163335,"self":180.14328319999998,"total":299.7033868,"children":{"CollectObservations":{"count":4184960,"self":1.6141993,"total":1.6141993,"children":null},"WriteActionMask":{"count":4184960,"self":1.6294908,"total":1.6294908,"children":null},"RequestDecision":{"count":4184960,"self":6.9210176,"total":116.3164101,"children":{"AgentInfo.ToProto":{"count":4184960,"self":4.8906063999999994,"total":109.39539219999999,"children":{"GenerateSensorData":{"count":4184960,"self":89.8705088,"total":104.50478559999999,"children":{"RayPerceptionSensor.Perceive":{"count":20924800,"self":14.634276799999999,"total":14.6342761,"children":null}}}}}}}}},"DecideAction":{"count":163335,"self":20337.272422399998,"total":20337.272687099998,"children":null},"AgentAct":{"count":163335,"self":22.5467984,"total":22.6398811,"children":{"AgentInfo.ToProto":{"count":3127,"self":0.0050043,"total":0.0930825,"children":{"GenerateSensorData":{"count":3127,"self":0.075068,"total":0.0880782,"children":{"RayPerceptionSensor.Perceive":{"count":15635,"self":0.0130102,"total":0.0130102,"children":null}}}}}}},"AgentInfo.ToProto":{"count":1353,"self":0.0050056,"total":0.062060199999999996,"children":{"GenerateSensorData":{"count":1353,"self":0.051048899999999994,"total":0.0570546,"children":{"RayPerceptionSensor.Perceive":{"count":6765,"self":0.0060057,"total":0.0060057,"children":null}}}}}},"gauges":{"Hallway.CumulativeReward":{"count":4480,"max":1.947807,"min":-2.07830358,"runningAverage":-0.7767435,"value":-0.586407065,"weightedAverage":-0.297009468}},"metadata":{"timer_format_version":"0.1.0","start_time_seconds":"1633448721","unity_version":"2020.3.10f1","command_line_arguments":"C:\\Program Files\\Unity\\Hub\\Editor\\2020.3.10f1\\Editor\\Unity.exe -projectpath C:\/Users\/Martin\/Desktop\/HS Heilbronn\/Master\/Projektarbeit\/3_Unity\/Skiing -useHub -hubIPC -cloudEnvironment production -hubSessionId ee54f120-25e7-11ec-bb01-b1658a3e23e4 -accessToken bZNDNK_3wo4U9Mz0OJAOt4dlIS0oB1X26ReI6bTNVjg008f","communication_protocol_version":"1.5.0","com.unity.ml-agents_version":"2.0.0-exp.1","scene_name":"Hallway","end_time_seconds":"1633469490"}}