{"count":1,"self":829.030144,"total":16648.519387,"children":{"InitializeActuators":{"count":64,"self":0.0010008999999999999,"total":0.0010008999999999999,"children":null},"InitializeSensors":{"count":64,"self":0.0030020999999999997,"total":0.0030020999999999997,"children":null},"AgentSendState":{"count":620002,"self":375.99244799999997,"total":613.4758376,"children":{"CollectObservations":{"count":7936128,"self":8.177392,"total":8.1773923,"children":null},"WriteActionMask":{"count":7936128,"self":4.093548,"total":4.0935482,"children":null},"RequestDecision":{"count":7936128,"self":14.360756799999999,"total":225.21243729999998,"children":{"AgentInfo.ToProto":{"count":7936128,"self":12.3893984,"total":210.85168009999998,"children":{"GenerateSensorData":{"count":7936128,"self":160.3418112,"total":198.4622815,"children":{"RayPerceptionSensor.Perceive":{"count":23808384,"self":38.120470399999995,"total":38.1204714,"children":null}}}}}}}}},"DecideAction":{"count":620002,"self":15142.230425599999,"total":15142.230221599999,"children":null},"AgentAct":{"count":620002,"self":63.4488704,"total":63.765148399999994,"children":{"AgentInfo.ToProto":{"count":7721,"self":0.027025399999999998,"total":0.31627669999999997,"children":{"GenerateSensorData":{"count":7721,"self":0.24621359999999998,"total":0.2892513,"children":{"RayPerceptionSensor.Perceive":{"count":23163,"self":0.0430377,"total":0.0430377,"children":null}}}}}}},"AgentInfo.ToProto":{"count":281,"self":0,"total":0.013013799999999999,"children":{"GenerateSensorData":{"count":281,"self":0.012013,"total":0.013013799999999999,"children":{"RayPerceptionSensor.Perceive":{"count":843,"self":0.0010008,"total":0.0010008,"children":null}}}}}},"gauges":{"Pyramids.CumulativeReward":{"count":8002,"max":1.90939963,"min":-1.0003413,"runningAverage":-0.9176812,"value":-0.99994123,"weightedAverage":-0.56645906}},"metadata":{"timer_format_version":"0.1.0","start_time_seconds":"1643481663","unity_version":"2020.3.10f1","command_line_arguments":"C:\\Program Files\\Unity\\Hub\\Editor\\2020.3.10f1\\Editor\\Unity.exe -projectpath C:\/Users\/Martin\/Desktop\/HS Heilbronn\/Master\/Projektarbeit\/3_Unity\/Skiing -useHub -hubIPC -cloudEnvironment production -hubSessionId e8f5e620-8132-11ec-a65c-d5b189a907f8 -accessToken WGlUoRcKPUpYLJK2KoCnMjVFqidVq6wvdHMqdOSXRw0008f","communication_protocol_version":"1.5.0","com.unity.ml-agents_version":"2.0.0-exp.1","scene_name":"Pyramids","end_time_seconds":"1643498312"}}