{"count":1,"self":18.2818448,"total":1014.2890159,"children":{"InitializeActuators":{"count":64,"self":0.0010008,"total":0.0010008,"children":null},"InitializeSensors":{"count":64,"self":0.0050046,"total":0.0050046,"children":null},"AgentSendState":{"count":35002,"self":1.4262042,"total":11.649506899999999,"children":{"UpdateLocalSpacePoses":{"count":448448,"self":0.6040637,"total":0.6040637,"children":null},"CollectObservations":{"count":448448,"self":2.8386684,"total":2.8386685,"children":null},"WriteActionMask":{"count":448448,"self":0.2372289,"total":0.2372289,"children":null},"RequestDecision":{"count":448448,"self":0.7045087,"total":6.5433416,"children":{"AgentInfo.ToProto":{"count":448448,"self":0.74967929999999994,"total":5.8388329,"children":{"GenerateSensorData":{"count":448448,"self":5.0891535999999995,"total":5.0891535999999995,"children":null}}}}}}},"DecideAction":{"count":35002,"self":981.6297472,"total":981.62972859999991,"children":null},"AgentAct":{"count":35002,"self":2.7109199999999998,"total":2.719929,"children":{"AgentInfo.ToProto":{"count":359,"self":0.0010006,"total":0.0090090999999999991,"children":{"GenerateSensorData":{"count":359,"self":0.0080085,"total":0.0080085,"children":null}}}}},"AgentInfo.ToProto":{"count":29,"self":0,"total":0.0010008999999999999,"children":{"GenerateSensorData":{"count":29,"self":0.0010008999999999999,"total":0.0010008999999999999,"children":null}}}},"gauges":{"Sorter.CumulativeReward":{"count":388,"max":-0.00014914581,"min":-2.330996,"runningAverage":-1.03494632,"value":-1.78656936,"weightedAverage":-1.45244551}},"metadata":{"timer_format_version":"0.1.0","start_time_seconds":"1639152534","unity_version":"2020.3.10f1","command_line_arguments":"C:\\Program Files\\Unity\\Hub\\Editor\\2020.3.10f1\\Editor\\Unity.exe -projectpath C:\/Users\/Martin\/Desktop\/HS Heilbronn\/Master\/Projektarbeit\/3_Unity\/Skiing -useHub -hubIPC -cloudEnvironment production -hubSessionId 20317880-59d2-11ec-b1f7-5b29c3eaffcc -accessToken a0c81G3FqYbZ4QPZNNOauSMFVxXoF6QFt9AuNduU-Ek008f","communication_protocol_version":"1.5.0","com.unity.ml-agents_version":"2.0.0-exp.1","scene_name":"Sorter","end_time_seconds":"1639153548"}}